{"cameraMode":{"drawMode":2,"name":"Shaded Wireframe","section":"Shading Mode"},"sceneLighting":true,"audioPlay":false,"sceneViewState":{"m_AlwaysRefresh":false,"showFog":true,"showSkybox":true,"showFlares":true,"showImageEffects":true,"showParticleSystems":true,"showVisualEffectGraphs":true,"m_FxEnabled":true},"in2DMode":false,"pivot":{"x":-0.02889084815979004,"y":12.492228507995606,"z":10.979999542236329},"rotation":{"x":-0.034917715936899188,"y":-0.7313016057014465,"z":0.037174880504608157,"w":-0.6809669137001038},"size":111.14093017578125,"orthographic":false}